,Mutation,Amino.Acid.Change,ref,var,pos,aa_pos,aa_consensus,aa_var
0,C231G,L67V,C,G,198,66,L,V
28,A1143U,N371Y,A,T,1110,370,N,Y
27,C1137A,H369N,C,A,1104,368,H,N
26,U915C,C295R,T,C,882,294,C,R
25,U799G,I256R,T,G,766,255,I,R
24,U55G,L8R,T,G,22,7,L,R
23,C1696A,S555Y,C,A,1663,554,S,Y
22,U1599A,S523T,T,A,1566,522,S,T
21,G1587C,V519L,G,C,1554,518,V,L
20,U1583G,D517E,T,G,1550,516,D,E
19,A1512G,S494G,A,G,1479,493,S,G
18,U1466A,N478K,T,A,1433,477,N,K
17,U1299C,L423 (SYN),T,C,1266,422,L,L
16,G1292A,M420I,G,A,1259,419,M,I
29,G1153A,G374E,G,A,1120,373,G,E
15,A1264C,K411T,A,C,1231,410,K,T
13,A1174U,Q381L,A,T,1141,380,Q,L
12,A1057U,Y342F,A,T,1024,341,Y,F
11,A1050C,I340L,A,C,1017,339,I,L
10,G1006U,S325I,G,T,973,324,S,I
9,A939U,N303Y,A,T,906,302,N,Y
8,C822U,L264 (SYN),C,T,789,263,L,L
7,A784G,E251G,A,G,445,148,T,R
6,A699U,N223Y,A,T,666,222,N,Y
5,A648C,S206R,A,C,615,205,S,R
4,G542U,K170N,G,T,509,169,K,N
3,U408A,S126T,U,A,375,125,S,T
2,C368A,L112 (SYN),C,A,335,111,L,L
1,A334U,N101I,A,T,301,100,N,I
14,C1229G,I399M,C,G,1196,398,I,M
30,A1345C,N438T,A,C,1312,437,N,T
