,Mutation,Amino.Acid.Change,ref,var,pos,aa_pos,aa_consensus,aa_var,PDB_4HMG,PDB_4JTV,Antigenic region24,U55G,L8R,T,G,22,7,L,R,an alignment gap ,an alignment gap ,0,C231G,L67V,C,G,198,66,L,V,an alignment gap ,H57 of HA1 ,1,A334U,N101I,A,T,301,100,N,I,A93 in HA1 ,S91 of HA1 ,3,U408A,S126T,U,A,375,125,S,T,T117 in HA1 ,S116 of HA1 ,7,A784G,E251G,A,G,445,148,T,R,N137 in HA1 ,A140 of HA1 ,4,G542U,K170N,G,T,509,169,K,N,G158 in HA1 ,G161 of HA1 ,Sa5,A648C,S206R,A,C,615,205,S,R,L194 in HA1 ,L197 of HA1 ,Sb6,A699U,N223Y,A,T,666,222,N,Y,Q211 in HA1 ,K214 of HA1 ,25,U799G,I256R,T,G,766,255,I,R,V244 in HA1 ,T247 of HA1 ,26,U915C,C295R,T,C,882,294,C,R,I282 in HA1 ,Q286 of HA1 ,9,A939U,N303Y,A,T,906,302,N,Y,N290 in HA1 ,T294 of HA1 ,10,G1006U,S325I,G,T,973,324,S,I,N312 in HA1 ,T316 of HA1 ,11,A1050C,I340L,A,C,1017,339,I,L,Q327 in HA1 ,an alignment gap ,12,A1057U,Y342F,A,T,1024,341,Y,F,T328 in HA1 ,an alignment gap ,27,C1137A,H369N,C,A,1104,368,H,N,Q27 in HA2 ,Q27 of HA2 ,28,A1143U,N371Y,A,T,1110,370,N,Y,S29 in HA2 ,E29 of HA2 ,29,G1153A,G374E,G,A,1120,373,G,E,T32 in HA2 ,S32 of HA2 ,13,A1174U,Q381L,A,T,1141,380,Q,L,K39 in HA2 ,K39 of HA2 ,14,C1229G,I399M,C,G,1196,398,I,M,E57 in HA2 ,E57 of HA2 ,15,A1264C,K411T,A,C,1231,410,K,T,E69 in HA2 ,E69 of HA2 ,16,G1292A,M420I,G,A,1259,419,M,I,Q78 in HA2 ,E78 of HA2 ,30,A1345C,N438T,A,C,1312,437,N,T,A96 in HA2 ,A96 of HA2 ,18,U1466A,N478K,T,A,1433,477,N,K,G136 in HA2 ,G136 of HA2 ,19,A1512G,S494G,A,G,1479,493,S,G,I152 in HA2 ,V152 of HA2 ,20,U1583G,D517E,T,G,1550,516,D,E,G175 in HA2 ,an alignment gap ,21,G1587C,V519L,G,C,1554,518,V,L,an alignment gap ,an alignment gap ,22,U1599A,S523T,T,A,1566,522,S,T,an alignment gap ,an alignment gap ,23,C1696A,S555Y,C,A,1663,554,S,Y,an alignment gap ,an alignment gap ,